Dataset,Series ID,Partition,Time,Value
ECB EUR/CZK Monthly Exchange Rate,series_0,train,1993-12-01,33.455
ECB EUR/CZK Monthly Exchange Rate,series_0,train,1994-01-01,33.579
ECB EUR/CZK Monthly Exchange Rate,series_0,train,1994-02-01,33.623
ECB EUR/CZK Monthly Exchange Rate,series_0,train,1994-03-01,33.612
ECB EUR/CZK Monthly Exchange Rate,series_0,train,1994-04-01,33.776
ECB EUR/CZK Monthly Exchange Rate,series_0,train,1994-05-01,33.957
ECB EUR/CZK Monthly Exchange Rate,series_0,train,1994-06-01,34.019
ECB EUR/CZK Monthly Exchange Rate,series_0,train,1994-07-01,34.285
ECB EUR/CZK Monthly Exchange Rate,series_0,train,1994-08-01,34.302
ECB EUR/CZK Monthly Exchange Rate,series_0,train,1994-09-01,34.169
ECB EUR/CZK Monthly Exchange Rate,series_0,train,1994-10-01,34.489
ECB EUR/CZK Monthly Exchange Rate,series_0,train,1994-11-01,34.798
ECB EUR/CZK Monthly Exchange Rate,series_0,train,1994-12-01,34.288
ECB EUR/CZK Monthly Exchange Rate,series_0,train,1995-01-01,34.17
ECB EUR/CZK Monthly Exchange Rate,series_0,train,1995-02-01,34.351
ECB EUR/CZK Monthly Exchange Rate,series_0,train,1995-03-01,34.145
ECB EUR/CZK Monthly Exchange Rate,series_0,train,1995-04-01,34.14
ECB EUR/CZK Monthly Exchange Rate,series_0,train,1995-05-01,34.455
ECB EUR/CZK Monthly Exchange Rate,series_0,train,1995-06-01,34.46
ECB EUR/CZK Monthly Exchange Rate,series_0,train,1995-07-01,34.46
ECB EUR/CZK Monthly Exchange Rate,series_0,train,1995-08-01,34.821
ECB EUR/CZK Monthly Exchange Rate,series_0,train,1995-09-01,34.283
ECB EUR/CZK Monthly Exchange Rate,series_0,train,1995-10-01,34.37
ECB EUR/CZK Monthly Exchange Rate,series_0,train,1995-11-01,34.19
ECB EUR/CZK Monthly Exchange Rate,series_0,train,1995-12-01,34.283
ECB EUR/CZK Monthly Exchange Rate,series_0,train,1996-01-01,34.058
ECB EUR/CZK Monthly Exchange Rate,series_0,train,1996-02-01,33.682
ECB EUR/CZK Monthly Exchange Rate,series_0,train,1996-03-01,34.297
ECB EUR/CZK Monthly Exchange Rate,series_0,train,1996-04-01,34.211
ECB EUR/CZK Monthly Exchange Rate,series_0,train,1996-05-01,34.214
ECB EUR/CZK Monthly Exchange Rate,series_0,train,1996-06-01,34.384
ECB EUR/CZK Monthly Exchange Rate,series_0,train,1996-07-01,34.241
ECB EUR/CZK Monthly Exchange Rate,series_0,train,1996-08-01,33.81
ECB EUR/CZK Monthly Exchange Rate,series_0,train,1996-09-01,33.164
ECB EUR/CZK Monthly Exchange Rate,series_0,train,1996-10-01,33.761
ECB EUR/CZK Monthly Exchange Rate,series_0,train,1996-11-01,34.092
ECB EUR/CZK Monthly Exchange Rate,series_0,train,1996-12-01,34.038
ECB EUR/CZK Monthly Exchange Rate,series_0,train,1997-01-01,33.908
ECB EUR/CZK Monthly Exchange Rate,series_0,train,1997-02-01,32.869
ECB EUR/CZK Monthly Exchange Rate,series_0,train,1997-03-01,33.102
ECB EUR/CZK Monthly Exchange Rate,series_0,train,1997-04-01,33.721
ECB EUR/CZK Monthly Exchange Rate,series_0,train,1997-05-01,34.972
ECB EUR/CZK Monthly Exchange Rate,series_0,train,1997-06-01,37.332
ECB EUR/CZK Monthly Exchange Rate,series_0,train,1997-07-01,36.389
ECB EUR/CZK Monthly Exchange Rate,series_0,train,1997-08-01,37.107
ECB EUR/CZK Monthly Exchange Rate,series_0,train,1997-09-01,36.6
ECB EUR/CZK Monthly Exchange Rate,series_0,train,1997-10-01,36.515
ECB EUR/CZK Monthly Exchange Rate,series_0,train,1997-11-01,37.629
ECB EUR/CZK Monthly Exchange Rate,series_0,train,1997-12-01,38.527
ECB EUR/CZK Monthly Exchange Rate,series_0,train,1998-01-01,38.222
ECB EUR/CZK Monthly Exchange Rate,series_0,train,1998-02-01,38.155
ECB EUR/CZK Monthly Exchange Rate,series_0,train,1998-03-01,37.075
ECB EUR/CZK Monthly Exchange Rate,series_0,train,1998-04-01,36.515
ECB EUR/CZK Monthly Exchange Rate,series_0,train,1998-05-01,36.456
ECB EUR/CZK Monthly Exchange Rate,series_0,train,1998-06-01,36.872
ECB EUR/CZK Monthly Exchange Rate,series_0,train,1998-07-01,36.533
ECB EUR/CZK Monthly Exchange Rate,series_0,train,1998-08-01,34.348
ECB EUR/CZK Monthly Exchange Rate,series_0,train,1998-09-01,36.965
ECB EUR/CZK Monthly Exchange Rate,series_0,train,1998-10-01,35.185
ECB EUR/CZK Monthly Exchange Rate,series_0,train,1998-11-01,34.527
ECB EUR/CZK Monthly Exchange Rate,series_0,train,1998-12-01,35.247
ECB EUR/CZK Monthly Exchange Rate,series_0,train,1999-01-01,35.021
ECB EUR/CZK Monthly Exchange Rate,series_0,train,1999-02-01,36.42
ECB EUR/CZK Monthly Exchange Rate,series_0,train,1999-03-01,37.975
ECB EUR/CZK Monthly Exchange Rate,series_0,train,1999-04-01,38.42
ECB EUR/CZK Monthly Exchange Rate,series_0,train,1999-05-01,37.765
ECB EUR/CZK Monthly Exchange Rate,series_0,train,1999-06-01,37.77
ECB EUR/CZK Monthly Exchange Rate,series_0,train,1999-07-01,36.64
ECB EUR/CZK Monthly Exchange Rate,series_0,train,1999-08-01,36.74
ECB EUR/CZK Monthly Exchange Rate,series_0,train,1999-09-01,36.59
ECB EUR/CZK Monthly Exchange Rate,series_0,train,1999-10-01,35.65
ECB EUR/CZK Monthly Exchange Rate,series_0,train,1999-11-01,36.615
ECB EUR/CZK Monthly Exchange Rate,series_0,train,1999-12-01,36.015
ECB EUR/CZK Monthly Exchange Rate,series_0,train,2000-01-01,36.13
ECB EUR/CZK Monthly Exchange Rate,series_0,train,2000-02-01,35.74
ECB EUR/CZK Monthly Exchange Rate,series_0,train,2000-03-01,35.48
ECB EUR/CZK Monthly Exchange Rate,series_0,train,2000-04-01,35.625
ECB EUR/CZK Monthly Exchange Rate,series_0,train,2000-05-01,36.24
ECB EUR/CZK Monthly Exchange Rate,series_0,train,2000-06-01,36.315
ECB EUR/CZK Monthly Exchange Rate,series_0,train,2000-07-01,35.845
ECB EUR/CZK Monthly Exchange Rate,series_0,train,2000-08-01,35.565
ECB EUR/CZK Monthly Exchange Rate,series_0,train,2000-09-01,35.315
ECB EUR/CZK Monthly Exchange Rate,series_0,train,2000-10-01,35.47
ECB EUR/CZK Monthly Exchange Rate,series_0,train,2000-11-01,34.86
ECB EUR/CZK Monthly Exchange Rate,series_0,train,2000-12-01,34.58
ECB EUR/CZK Monthly Exchange Rate,series_0,train,2001-01-01,35.09
ECB EUR/CZK Monthly Exchange Rate,series_0,train,2001-02-01,34.67
ECB EUR/CZK Monthly Exchange Rate,series_0,train,2001-03-01,34.595
ECB EUR/CZK Monthly Exchange Rate,series_0,train,2001-04-01,34.47
ECB EUR/CZK Monthly Exchange Rate,series_0,train,2001-05-01,34.65
ECB EUR/CZK Monthly Exchange Rate,series_0,train,2001-06-01,34.135
ECB EUR/CZK Monthly Exchange Rate,series_0,train,2001-07-01,33.765
ECB EUR/CZK Monthly Exchange Rate,series_0,train,2001-08-01,33.875
ECB EUR/CZK Monthly Exchange Rate,series_0,train,2001-09-01,34.235
ECB EUR/CZK Monthly Exchange Rate,series_0,train,2001-10-01,33.99
ECB EUR/CZK Monthly Exchange Rate,series_0,train,2001-11-01,33.585
ECB EUR/CZK Monthly Exchange Rate,series_0,train,2001-12-01,33.3
ECB EUR/CZK Monthly Exchange Rate,series_0,train,2002-01-01,31.98
ECB EUR/CZK Monthly Exchange Rate,series_0,train,2002-02-01,31.92
ECB EUR/CZK Monthly Exchange Rate,series_0,train,2002-03-01,31.6
ECB EUR/CZK Monthly Exchange Rate,series_0,train,2002-04-01,30.845
ECB EUR/CZK Monthly Exchange Rate,series_0,train,2002-05-01,30.625
ECB EUR/CZK Monthly Exchange Rate,series_0,train,2002-06-01,30.43
ECB EUR/CZK Monthly Exchange Rate,series_0,train,2002-07-01,29.26
ECB EUR/CZK Monthly Exchange Rate,series_0,train,2002-08-01,30.35
ECB EUR/CZK Monthly Exchange Rate,series_0,train,2002-09-01,30.45
ECB EUR/CZK Monthly Exchange Rate,series_0,train,2002-10-01,30.3
ECB EUR/CZK Monthly Exchange Rate,series_0,train,2002-11-01,30.79
ECB EUR/CZK Monthly Exchange Rate,series_0,train,2002-12-01,30.865
ECB EUR/CZK Monthly Exchange Rate,series_0,train,2003-01-01,31.6
ECB EUR/CZK Monthly Exchange Rate,series_0,train,2003-02-01,31.535
ECB EUR/CZK Monthly Exchange Rate,series_0,train,2003-03-01,31.795
ECB EUR/CZK Monthly Exchange Rate,series_0,train,2003-04-01,31.945
ECB EUR/CZK Monthly Exchange Rate,series_0,train,2003-05-01,31.45
ECB EUR/CZK Monthly Exchange Rate,series_0,train,2003-06-01,31.33
ECB EUR/CZK Monthly Exchange Rate,series_0,train,2003-07-01,31.575
ECB EUR/CZK Monthly Exchange Rate,series_0,train,2003-08-01,32.23
ECB EUR/CZK Monthly Exchange Rate,series_0,train,2003-09-01,32.44
ECB EUR/CZK Monthly Exchange Rate,series_0,train,2003-10-01,31.84
ECB EUR/CZK Monthly Exchange Rate,series_0,train,2003-11-01,32.03
ECB EUR/CZK Monthly Exchange Rate,series_0,train,2003-12-01,32.1
ECB EUR/CZK Monthly Exchange Rate,series_0,train,2004-01-01,32.405
ECB EUR/CZK Monthly Exchange Rate,series_0,train,2004-02-01,33.3
ECB EUR/CZK Monthly Exchange Rate,series_0,train,2004-03-01,32.435
ECB EUR/CZK Monthly Exchange Rate,series_0,train,2004-04-01,32.835
ECB EUR/CZK Monthly Exchange Rate,series_0,train,2004-05-01,32.54
ECB EUR/CZK Monthly Exchange Rate,series_0,train,2004-06-01,31.625
ECB EUR/CZK Monthly Exchange Rate,series_0,train,2004-07-01,31.76
ECB EUR/CZK Monthly Exchange Rate,series_0,train,2004-08-01,31.695
ECB EUR/CZK Monthly Exchange Rate,series_0,train,2004-09-01,31.875
ECB EUR/CZK Monthly Exchange Rate,series_0,train,2004-10-01,31.66
ECB EUR/CZK Monthly Exchange Rate,series_0,train,2004-11-01,31.535
ECB EUR/CZK Monthly Exchange Rate,series_0,train,2004-12-01,30.99
ECB EUR/CZK Monthly Exchange Rate,series_0,train,2005-01-01,30.465
ECB EUR/CZK Monthly Exchange Rate,series_0,train,2005-02-01,30.14
ECB EUR/CZK Monthly Exchange Rate,series_0,train,2005-03-01,29.76
ECB EUR/CZK Monthly Exchange Rate,series_0,train,2005-04-01,29.945
ECB EUR/CZK Monthly Exchange Rate,series_0,train,2005-05-01,30.5
ECB EUR/CZK Monthly Exchange Rate,series_0,train,2005-06-01,30.37
ECB EUR/CZK Monthly Exchange Rate,series_0,train,2005-07-01,30.03
ECB EUR/CZK Monthly Exchange Rate,series_0,train,2005-08-01,30.145
ECB EUR/CZK Monthly Exchange Rate,series_0,train,2005-09-01,29.565
ECB EUR/CZK Monthly Exchange Rate,series_0,train,2005-10-01,29.55
ECB EUR/CZK Monthly Exchange Rate,series_0,train,2005-11-01,29.6
ECB EUR/CZK Monthly Exchange Rate,series_0,train,2005-12-01,28.93
ECB EUR/CZK Monthly Exchange Rate,series_0,train,2006-01-01,29.005
ECB EUR/CZK Monthly Exchange Rate,series_0,train,2006-02-01,28.41
ECB EUR/CZK Monthly Exchange Rate,series_0,train,2006-03-01,28.325
ECB EUR/CZK Monthly Exchange Rate,series_0,train,2006-04-01,28.595
ECB EUR/CZK Monthly Exchange Rate,series_0,train,2006-05-01,28.43
ECB EUR/CZK Monthly Exchange Rate,series_0,train,2006-06-01,28.205
ECB EUR/CZK Monthly Exchange Rate,series_0,train,2006-07-01,28.495
ECB EUR/CZK Monthly Exchange Rate,series_0,train,2006-08-01,28.53
ECB EUR/CZK Monthly Exchange Rate,series_0,train,2006-09-01,28.215
ECB EUR/CZK Monthly Exchange Rate,series_0,train,2006-10-01,28.33
ECB EUR/CZK Monthly Exchange Rate,series_0,train,2006-11-01,28.22
ECB EUR/CZK Monthly Exchange Rate,series_0,train,2006-12-01,27.97
ECB EUR/CZK Monthly Exchange Rate,series_0,train,2007-01-01,27.495
ECB EUR/CZK Monthly Exchange Rate,series_0,train,2007-02-01,28.16
ECB EUR/CZK Monthly Exchange Rate,series_0,train,2007-03-01,28.3
ECB EUR/CZK Monthly Exchange Rate,series_0,train,2007-04-01,28.0
ECB EUR/CZK Monthly Exchange Rate,series_0,train,2007-05-01,28.125
ECB EUR/CZK Monthly Exchange Rate,series_0,train,2007-06-01,28.325
ECB EUR/CZK Monthly Exchange Rate,series_0,train,2007-07-01,28.715
ECB EUR/CZK Monthly Exchange Rate,series_0,train,2007-08-01,28.035
ECB EUR/CZK Monthly Exchange Rate,series_0,train,2007-09-01,27.725
ECB EUR/CZK Monthly Exchange Rate,series_0,train,2007-10-01,27.605
ECB EUR/CZK Monthly Exchange Rate,series_0,train,2007-11-01,26.97
ECB EUR/CZK Monthly Exchange Rate,series_0,train,2007-12-01,26.26
ECB EUR/CZK Monthly Exchange Rate,series_0,train,2008-01-01,26.62
ECB EUR/CZK Monthly Exchange Rate,series_0,train,2008-02-01,26.07
ECB EUR/CZK Monthly Exchange Rate,series_0,train,2008-03-01,25.22
ECB EUR/CZK Monthly Exchange Rate,series_0,train,2008-04-01,25.335
ECB EUR/CZK Monthly Exchange Rate,series_0,train,2008-05-01,25.21
ECB EUR/CZK Monthly Exchange Rate,series_0,train,2008-06-01,25.09
ECB EUR/CZK Monthly Exchange Rate,series_0,train,2008-07-01,23.895
ECB EUR/CZK Monthly Exchange Rate,series_0,train,2008-08-01,23.95
ECB EUR/CZK Monthly Exchange Rate,series_0,train,2008-09-01,24.735
ECB EUR/CZK Monthly Exchange Rate,series_0,train,2008-10-01,24.665
ECB EUR/CZK Monthly Exchange Rate,series_0,train,2008-11-01,24.23
ECB EUR/CZK Monthly Exchange Rate,series_0,train,2008-12-01,25.21
ECB EUR/CZK Monthly Exchange Rate,series_0,train,2009-01-01,26.93
ECB EUR/CZK Monthly Exchange Rate,series_0,train,2009-02-01,27.87
ECB EUR/CZK Monthly Exchange Rate,series_0,train,2009-03-01,28.125
ECB EUR/CZK Monthly Exchange Rate,series_0,train,2009-04-01,27.38
ECB EUR/CZK Monthly Exchange Rate,series_0,train,2009-05-01,26.71
ECB EUR/CZK Monthly Exchange Rate,series_0,train,2009-06-01,26.83
ECB EUR/CZK Monthly Exchange Rate,series_0,train,2009-07-01,25.89
ECB EUR/CZK Monthly Exchange Rate,series_0,train,2009-08-01,25.575
ECB EUR/CZK Monthly Exchange Rate,series_0,train,2009-09-01,25.38
ECB EUR/CZK Monthly Exchange Rate,series_0,train,2009-10-01,25.165
ECB EUR/CZK Monthly Exchange Rate,series_0,train,2009-11-01,26.465
ECB EUR/CZK Monthly Exchange Rate,series_0,train,2009-12-01,26.13
ECB EUR/CZK Monthly Exchange Rate,series_0,train,2010-01-01,26.465
ECB EUR/CZK Monthly Exchange Rate,series_0,train,2010-02-01,26.23
ECB EUR/CZK Monthly Exchange Rate,series_0,train,2010-03-01,25.965
ECB EUR/CZK Monthly Exchange Rate,series_0,train,2010-04-01,25.445
ECB EUR/CZK Monthly Exchange Rate,series_0,train,2010-05-01,25.575
ECB EUR/CZK Monthly Exchange Rate,series_0,train,2010-06-01,25.51
ECB EUR/CZK Monthly Exchange Rate,series_0,train,2010-07-01,25.695
ECB EUR/CZK Monthly Exchange Rate,series_0,train,2010-08-01,24.79
ECB EUR/CZK Monthly Exchange Rate,series_0,train,2010-09-01,24.85
ECB EUR/CZK Monthly Exchange Rate,series_0,train,2010-10-01,24.61
ECB EUR/CZK Monthly Exchange Rate,series_0,train,2010-11-01,24.605
ECB EUR/CZK Monthly Exchange Rate,series_0,train,2010-12-01,24.915
ECB EUR/CZK Monthly Exchange Rate,series_0,train,2011-01-01,25.06
ECB EUR/CZK Monthly Exchange Rate,series_0,train,2011-02-01,24.23
ECB EUR/CZK Monthly Exchange Rate,series_0,train,2011-03-01,24.35
ECB EUR/CZK Monthly Exchange Rate,series_0,train,2011-04-01,24.54
ECB EUR/CZK Monthly Exchange Rate,series_0,train,2011-05-01,24.21
ECB EUR/CZK Monthly Exchange Rate,series_0,train,2011-06-01,24.54
ECB EUR/CZK Monthly Exchange Rate,series_0,train,2011-07-01,24.345
ECB EUR/CZK Monthly Exchange Rate,series_0,train,2011-08-01,24.19
ECB EUR/CZK Monthly Exchange Rate,series_0,train,2011-09-01,24.11
ECB EUR/CZK Monthly Exchange Rate,series_0,train,2011-10-01,24.755
ECB EUR/CZK Monthly Exchange Rate,series_0,train,2011-11-01,24.8
ECB EUR/CZK Monthly Exchange Rate,series_0,train,2011-12-01,25.32
ECB EUR/CZK Monthly Exchange Rate,series_0,train,2012-01-01,25.8
ECB EUR/CZK Monthly Exchange Rate,series_0,train,2012-02-01,25.185
ECB EUR/CZK Monthly Exchange Rate,series_0,train,2012-03-01,24.84
ECB EUR/CZK Monthly Exchange Rate,series_0,train,2012-04-01,24.73
ECB EUR/CZK Monthly Exchange Rate,series_0,train,2012-05-01,24.865
ECB EUR/CZK Monthly Exchange Rate,series_0,train,2012-06-01,25.695
ECB EUR/CZK Monthly Exchange Rate,series_0,train,2012-07-01,25.64
ECB EUR/CZK Monthly Exchange Rate,series_0,train,2012-08-01,25.255
ECB EUR/CZK Monthly Exchange Rate,series_0,train,2012-09-01,24.84
ECB EUR/CZK Monthly Exchange Rate,series_0,train,2012-10-01,24.865
ECB EUR/CZK Monthly Exchange Rate,series_0,train,2012-11-01,25.065
ECB EUR/CZK Monthly Exchange Rate,series_0,train,2012-12-01,25.26
ECB EUR/CZK Monthly Exchange Rate,series_0,train,2013-01-01,25.14
ECB EUR/CZK Monthly Exchange Rate,series_0,train,2013-02-01,25.62
ECB EUR/CZK Monthly Exchange Rate,series_0,train,2013-03-01,25.635
ECB EUR/CZK Monthly Exchange Rate,series_0,train,2013-04-01,25.735
ECB EUR/CZK Monthly Exchange Rate,series_0,train,2013-05-01,25.795
ECB EUR/CZK Monthly Exchange Rate,series_0,train,2013-06-01,25.71
ECB EUR/CZK Monthly Exchange Rate,series_0,train,2013-07-01,25.95
ECB EUR/CZK Monthly Exchange Rate,series_0,train,2013-08-01,25.86
ECB EUR/CZK Monthly Exchange Rate,series_0,train,2013-09-01,25.735
ECB EUR/CZK Monthly Exchange Rate,series_0,train,2013-10-01,25.735
ECB EUR/CZK Monthly Exchange Rate,series_0,train,2013-11-01,25.72
ECB EUR/CZK Monthly Exchange Rate,series_0,train,2013-12-01,27.39
ECB EUR/CZK Monthly Exchange Rate,series_0,train,2014-01-01,27.425
ECB EUR/CZK Monthly Exchange Rate,series_0,train,2014-02-01,27.5
ECB EUR/CZK Monthly Exchange Rate,series_0,train,2014-03-01,27.34
ECB EUR/CZK Monthly Exchange Rate,series_0,train,2014-04-01,27.44
ECB EUR/CZK Monthly Exchange Rate,series_0,train,2014-05-01,27.455
ECB EUR/CZK Monthly Exchange Rate,series_0,train,2014-06-01,27.47
ECB EUR/CZK Monthly Exchange Rate,series_0,train,2014-07-01,27.45
ECB EUR/CZK Monthly Exchange Rate,series_0,train,2014-08-01,27.57
ECB EUR/CZK Monthly Exchange Rate,series_0,train,2014-09-01,27.725
ECB EUR/CZK Monthly Exchange Rate,series_0,train,2014-10-01,27.5
ECB EUR/CZK Monthly Exchange Rate,series_0,train,2014-11-01,27.77
ECB EUR/CZK Monthly Exchange Rate,series_0,train,2014-12-01,27.655
ECB EUR/CZK Monthly Exchange Rate,series_0,train,2015-01-01,27.725
ECB EUR/CZK Monthly Exchange Rate,series_0,train,2015-02-01,27.795
ECB EUR/CZK Monthly Exchange Rate,series_0,train,2015-03-01,27.43
ECB EUR/CZK Monthly Exchange Rate,series_0,train,2015-04-01,27.53
ECB EUR/CZK Monthly Exchange Rate,series_0,train,2015-05-01,27.43
ECB EUR/CZK Monthly Exchange Rate,series_0,train,2015-06-01,27.41
ECB EUR/CZK Monthly Exchange Rate,series_0,train,2015-07-01,27.245
ECB EUR/CZK Monthly Exchange Rate,series_0,train,2015-08-01,27.03
ECB EUR/CZK Monthly Exchange Rate,series_0,train,2015-09-01,27.03
ECB EUR/CZK Monthly Exchange Rate,series_0,train,2015-10-01,27.18
ECB EUR/CZK Monthly Exchange Rate,series_0,train,2015-11-01,27.09
ECB EUR/CZK Monthly Exchange Rate,series_0,train,2015-12-01,27.03
ECB EUR/CZK Monthly Exchange Rate,series_0,train,2016-01-01,27.025
ECB EUR/CZK Monthly Exchange Rate,series_0,train,2016-02-01,27.025
ECB EUR/CZK Monthly Exchange Rate,series_0,train,2016-03-01,27.055
ECB EUR/CZK Monthly Exchange Rate,series_0,train,2016-04-01,27.055
ECB EUR/CZK Monthly Exchange Rate,series_0,train,2016-05-01,27.04
ECB EUR/CZK Monthly Exchange Rate,series_0,train,2016-06-01,27.02
ECB EUR/CZK Monthly Exchange Rate,series_0,train,2016-07-01,27.13
ECB EUR/CZK Monthly Exchange Rate,series_0,train,2016-08-01,27.03
ECB EUR/CZK Monthly Exchange Rate,series_0,train,2016-09-01,27.03
ECB EUR/CZK Monthly Exchange Rate,series_0,train,2016-10-01,27.02
ECB EUR/CZK Monthly Exchange Rate,series_0,train,2016-11-01,27.025
ECB EUR/CZK Monthly Exchange Rate,series_0,train,2016-12-01,27.06
ECB EUR/CZK Monthly Exchange Rate,series_0,train,2017-01-01,27.02
ECB EUR/CZK Monthly Exchange Rate,series_0,train,2017-02-01,27.02
ECB EUR/CZK Monthly Exchange Rate,series_0,train,2017-03-01,27.02
ECB EUR/CZK Monthly Exchange Rate,series_0,train,2017-04-01,27.03
ECB EUR/CZK Monthly Exchange Rate,series_0,train,2017-05-01,26.92
ECB EUR/CZK Monthly Exchange Rate,series_0,train,2017-06-01,26.42
ECB EUR/CZK Monthly Exchange Rate,series_0,train,2017-07-01,26.195
ECB EUR/CZK Monthly Exchange Rate,series_0,train,2017-08-01,26.08
ECB EUR/CZK Monthly Exchange Rate,series_0,train,2017-09-01,26.105
ECB EUR/CZK Monthly Exchange Rate,series_0,train,2017-10-01,25.975
ECB EUR/CZK Monthly Exchange Rate,series_0,train,2017-11-01,25.67
ECB EUR/CZK Monthly Exchange Rate,series_0,train,2017-12-01,25.495
ECB EUR/CZK Monthly Exchange Rate,series_0,train,2018-01-01,25.54
ECB EUR/CZK Monthly Exchange Rate,series_0,train,2018-02-01,25.27
ECB EUR/CZK Monthly Exchange Rate,series_0,train,2018-03-01,25.42
ECB EUR/CZK Monthly Exchange Rate,series_0,train,2018-04-01,25.43
ECB EUR/CZK Monthly Exchange Rate,series_0,train,2018-05-01,25.54
ECB EUR/CZK Monthly Exchange Rate,series_0,train,2018-06-01,25.79
ECB EUR/CZK Monthly Exchange Rate,series_0,train,2018-07-01,26.02
ECB EUR/CZK Monthly Exchange Rate,series_0,train,2018-08-01,25.6
ECB EUR/CZK Monthly Exchange Rate,series_0,train,2018-09-01,25.735
ECB EUR/CZK Monthly Exchange Rate,series_0,train,2018-10-01,25.715
ECB EUR/CZK Monthly Exchange Rate,series_0,train,2018-11-01,25.92
ECB EUR/CZK Monthly Exchange Rate,series_0,train,2018-12-01,25.955
ECB EUR/CZK Monthly Exchange Rate,series_0,train,2019-01-01,25.725
ECB EUR/CZK Monthly Exchange Rate,series_0,train,2019-02-01,25.76
ECB EUR/CZK Monthly Exchange Rate,series_0,train,2019-03-01,25.6
ECB EUR/CZK Monthly Exchange Rate,series_0,train,2019-04-01,25.8
ECB EUR/CZK Monthly Exchange Rate,series_0,train,2019-05-01,25.66
ECB EUR/CZK Monthly Exchange Rate,series_0,train,2019-06-01,25.817
ECB EUR/CZK Monthly Exchange Rate,series_0,train,2019-07-01,25.445
ECB EUR/CZK Monthly Exchange Rate,series_0,train,2019-08-01,25.66
ECB EUR/CZK Monthly Exchange Rate,series_0,train,2019-09-01,25.915
ECB EUR/CZK Monthly Exchange Rate,series_0,train,2019-10-01,25.815
ECB EUR/CZK Monthly Exchange Rate,series_0,train,2019-11-01,25.51
ECB EUR/CZK Monthly Exchange Rate,series_0,train,2019-12-01,25.515
ECB EUR/CZK Monthly Exchange Rate,series_0,train,2020-01-01,25.41
ECB EUR/CZK Monthly Exchange Rate,series_0,train,2020-02-01,25.21
ECB EUR/CZK Monthly Exchange Rate,series_0,train,2020-03-01,25.39
ECB EUR/CZK Monthly Exchange Rate,series_0,train,2020-04-01,27.325
ECB EUR/CZK Monthly Exchange Rate,series_0,train,2020-05-01,27.095
ECB EUR/CZK Monthly Exchange Rate,series_0,train,2020-06-01,26.915
ECB EUR/CZK Monthly Exchange Rate,series_0,train,2020-07-01,26.74
ECB EUR/CZK Monthly Exchange Rate,series_0,train,2020-08-01,26.175
ECB EUR/CZK Monthly Exchange Rate,series_0,train,2020-09-01,26.21
ECB EUR/CZK Monthly Exchange Rate,series_0,train,2020-10-01,27.21
ECB EUR/CZK Monthly Exchange Rate,series_0,train,2020-11-01,27.25
ECB EUR/CZK Monthly Exchange Rate,series_0,train,2020-12-01,26.19
ECB EUR/CZK Monthly Exchange Rate,series_0,train,2021-01-01,26.245
ECB EUR/CZK Monthly Exchange Rate,series_0,train,2021-02-01,26.02
ECB EUR/CZK Monthly Exchange Rate,series_0,train,2021-03-01,26.195
ECB EUR/CZK Monthly Exchange Rate,series_0,train,2021-04-01,26.145
ECB EUR/CZK Monthly Exchange Rate,series_0,train,2021-05-01,25.885
ECB EUR/CZK Monthly Exchange Rate,series_0,train,2021-06-01,25.45
ECB EUR/CZK Monthly Exchange Rate,series_0,train,2021-07-01,25.485
ECB EUR/CZK Monthly Exchange Rate,series_0,train,2021-08-01,25.5
ECB EUR/CZK Monthly Exchange Rate,series_0,train,2021-09-01,25.525
ECB EUR/CZK Monthly Exchange Rate,series_0,train,2021-10-01,25.495
ECB EUR/CZK Monthly Exchange Rate,series_0,train,2021-11-01,25.695
ECB EUR/CZK Monthly Exchange Rate,series_0,train,2021-12-01,25.525
ECB EUR/CZK Monthly Exchange Rate,series_0,train,2022-01-01,24.86
ECB EUR/CZK Monthly Exchange Rate,series_0,train,2022-02-01,24.365
ECB EUR/CZK Monthly Exchange Rate,series_0,train,2022-03-01,24.995
ECB EUR/CZK Monthly Exchange Rate,series_0,train,2022-04-01,24.385
ECB EUR/CZK Monthly Exchange Rate,series_0,train,2022-05-01,24.605
ECB EUR/CZK Monthly Exchange Rate,series_0,train,2022-06-01,24.71
ECB EUR/CZK Monthly Exchange Rate,series_0,train,2022-07-01,24.74
ECB EUR/CZK Monthly Exchange Rate,series_0,train,2022-08-01,24.61
ECB EUR/CZK Monthly Exchange Rate,series_0,train,2022-09-01,24.545
ECB EUR/CZK Monthly Exchange Rate,series_0,train,2022-10-01,24.55
ECB EUR/CZK Monthly Exchange Rate,series_0,train,2022-11-01,24.485
ECB EUR/CZK Monthly Exchange Rate,series_0,train,2022-12-01,24.34
ECB EUR/CZK Monthly Exchange Rate,series_0,train,2023-01-01,24.115
ECB EUR/CZK Monthly Exchange Rate,series_0,train,2023-02-01,23.79
ECB EUR/CZK Monthly Exchange Rate,series_0,train,2023-03-01,23.495
ECB EUR/CZK Monthly Exchange Rate,series_0,train,2023-04-01,23.49
ECB EUR/CZK Monthly Exchange Rate,series_0,train,2023-05-01,23.505
ECB EUR/CZK Monthly Exchange Rate,series_0,train,2023-06-01,23.745
ECB EUR/CZK Monthly Exchange Rate,series_0,train,2023-07-01,23.73
ECB EUR/CZK Monthly Exchange Rate,series_0,train,2023-08-01,23.91
ECB EUR/CZK Monthly Exchange Rate,series_0,train,2023-09-01,24.075
ECB EUR/CZK Monthly Exchange Rate,series_0,train,2023-10-01,24.34
ECB EUR/CZK Monthly Exchange Rate,series_0,train,2023-11-01,24.56
ECB EUR/CZK Monthly Exchange Rate,series_0,train,2023-12-01,24.29
ECB EUR/CZK Monthly Exchange Rate,series_0,test,2024-01-01,24.725
ECB EUR/CZK Monthly Exchange Rate,series_0,test,2024-02-01,24.885
ECB EUR/CZK Monthly Exchange Rate,series_0,test,2024-03-01,25.36
ECB EUR/CZK Monthly Exchange Rate,series_0,test,2024-04-01,25.305
ECB EUR/CZK Monthly Exchange Rate,series_0,test,2024-05-01,25.145
ECB EUR/CZK Monthly Exchange Rate,series_0,test,2024-06-01,24.705
ECB EUR/CZK Monthly Exchange Rate,series_0,test,2024-07-01,25.03
ECB EUR/CZK Monthly Exchange Rate,series_0,test,2024-08-01,25.46
ECB EUR/CZK Monthly Exchange Rate,series_0,test,2024-09-01,25.03
ECB EUR/CZK Monthly Exchange Rate,series_0,test,2024-10-01,25.18
ECB EUR/CZK Monthly Exchange Rate,series_0,test,2024-11-01,25.325
ECB EUR/CZK Monthly Exchange Rate,series_0,test,2024-12-01,25.265
ECB EUR/CZK Monthly Exchange Rate,series_0,test,2025-01-01,25.185
ECB EUR/CZK Monthly Exchange Rate,series_0,test,2025-02-01,25.17
ECB EUR/CZK Monthly Exchange Rate,series_0,test,2025-03-01,25.025
ECB EUR/CZK Monthly Exchange Rate,series_0,test,2025-04-01,24.965
ECB EUR/CZK Monthly Exchange Rate,series_0,test,2025-05-01,24.93
ECB EUR/CZK Monthly Exchange Rate,series_0,test,2025-06-01,24.93
ECB EUR/CZK Monthly Exchange Rate,series_0,test,2025-07-01,24.75
ECB EUR/CZK Monthly Exchange Rate,series_0,test,2025-08-01,24.57
ECB EUR/CZK Monthly Exchange Rate,series_0,test,2025-09-01,24.445
ECB EUR/CZK Monthly Exchange Rate,series_0,test,2025-10-01,24.34
ECB EUR/CZK Monthly Exchange Rate,series_0,test,2025-11-01,24.335
ECB EUR/CZK Monthly Exchange Rate,series_0,test,2025-12-01,24.17
